[
    {   "id": "bdf_limpet_launcher",
        "name": "Limpet Launcher",
        "mount": "Auxiliary",
        "type": "Launcher",
        "range": [{"type": "Range","val": 10}],
        "damage": [{"type": "Kinetic","val": 2}],
        "tags": [{"id": "tg_loading"}],
        "effect": "When you hit an enemy with this weapon, add a stack to them. When you reload any of these weapons all stacks explode dealing 1d3 Explosive damage per stack in a Burst 1 Area centred on the enemy who was afflicted with the stacks. If there is more than 1 enemy afflicted with stacks from these weapons, they take damage equal to their stacks, and if they're within Burst 1 of eachother they'll take damage equivalent to their combined stacks (if far enough away to not effect eachother you just take your stacks, if you're in burst 1 your stack damage combines where your burst 1 areas overlap)",
        "source": "BDF",
        "license": "AKINAKA",
        "license_level": 1,
        "talent_item": false,
        "description": "<i>When we found it in a Baron armory, there was a note attached to it. It said KIRA QUEEN. BITES ZA DUSTO.</i>",
        "data_type": "weapon",
        "aptitude": {}
    },
    {   "id": "bdf_rftd",
        "name": "Rapid Fire Turret Drone",
        "mount": "Main",
        "type": "Nexus",
        "range": [{"type": "Range","val": 10}],
        "damage": [{"type": "Kinetic","val": 3}],
        "tags": [{"id": "tg_smart"},{"id": "tg_seeking"},{"id": "tg_drone"}],
        "effect": {
            "effect_type": "Offensive",
            "detail": "May be deployed as a stationary drone within Range 5 and LoS as a quick action. Once deployed, it loses the Seeking tag and you may fire it 2/round as a free action with line of sight and RANGE traced from its location. You may recall or redeploy the Rapid Fire Turret Drone as a quick action. Until recalled or destroyed, it remains deployed until the end of the scene. If destroyed, it follows the rules for destroyed DRONES and can’t be used until repaired.",
            "abilities": [{
                "name": "Rapid Fire Turret Drone",
                "effect_type": "Drone",
                "size": 0.5,
                "hp": 5,
                "edef": 10,
                "armor": 1,
                "evasion": 10
            }]
        },
        "source": "BDF",
        "license": "AKINAKA",
        "license_level": 3,
        "talent_item": false,
        "description": "<i></i>",
        "data_type": "weapon",
        "aptitude": {}
    },
    {   "id": "bdf_laser_mortar",
        "name": "Laser Mortar",
        "mount": "Main",
        "type": "Cannon",
        "range": [{"type": "Range","val": 5},{"type": "Cone","val": 3}],
        "damage": [{"type": "Energy","val": "1d3+2"}],
        "tags": [{"id": "tg_loading"},{"id": "tg_inaccurate"},{"id": "tg_arcing"}],
        "effect": "This weapon can make two attacks when fired. The attack areas cannot overlap.",
        "source": "BDF",
        "license": "AKRAFENA",
        "license_level": 1,
        "talent_item": false,
        "description": "<i>Traditional mortar propulsion of discs of reflective mirrors followed by a directed energy blast allow a wide area dispersal of fire from angles traditional armor configurations neglect or cannot cover efficiently. Reports of captured ordnance used for dance parties by Ungrateful cells are not verified and should not be disseminated over the omninet.</i>",
        "data_type": "weapon",
        "aptitude": {}
    },
    {   "id": "bdf_swds",
        "name": "Silk Web Defense Screen",
        "mount": "Main",
        "type": "Melee",
        "range": [{"type": "Threat","val": 1}],
        "damage": [{"type": "Kinetic","val": "1d3+1"}],
        "tags": [{"id": "tg_knockback","val": 2}],
        "effect": {
            "name":"Momentum Riposte",
            "effect_type": "Reaction",
            "frequency": "1/round",
            "trigger": "An enemy within Range 5 targets you with an attack.",
            "detail": "You may take 1d6 AP Energy damage to interrupt it and Skirmish with the Silk Web Defense Screen, regardless if the enemy is in range of the weapon.<br>On hit, the target character’s attack will be reflected back at it for half damage, Heat, and Burn, and you, not the enemy, can be pushed directly away by the combined value of the enemy attack’s knockback and your own knockback."
        },
        "source": "BDF",
        "license": "AKRAFENA",
        "license_level": 2,
        "talent_item": false,
        "description": "<i>Derived from hardlight, a combination of a plassteel outer frame and electrically charged webbed nanites allow projection of an ionic field to magnetically redirect attacks away from the pilot and lend additional momentum to defensive strikes. The high risk of these maneuvers results in a statistically significant increase in variance of maintenance time for frames using this system.</i>",
        "data_type": "weapon",
        "aptitude": {}
    },
    {   "id": "bdf_starpoint",
        "name": "Starpoint Spear",
        "mount": "Main",
        "type": "Melee",
        "range": [{"type": "Threat","val": 1}],
        "damage": [{"type": "Explosive","val": "1d6+2"}],
        "tags": [{"id": "tg_unique"}],
        "effect": "This weapon begins with 4 charges (Use a die to track this). After firing this weapon, decrease the number of charges by 1. When the number of charges is odd, this weapon deals +1d6 bonus damage, costs 1 Heat to fire, and gains +2 Threat. When the number of charges reaches 1, gain the Loading tag. Reloading this weapon resets the number of charges to 4 and removes the Loading tag.",
        "source": "BDF",
        "license": "AKRAFENA",
        "license_level": 3,
        "talent_item": false,
        "description": "<i>Concentrated plasma magnetically accelerated to a pointed tip allows for a breaching tool design that can capitalize on the momentum from prior applications.  Care must be used to ensure uptime, as the weapon contains a limited amount of fuel before it must be reloaded.</i>",
        "data_type": "weapon",
        "aptitude": {}
    },
    {   "id": "bdf_burst_sniper",
        "name": "Burst Sniper",
        "mount": "Main",
        "type": "Rifle",
        "range": [{"type": "Range", "val": 15}],
        "damage": [{"type": "Kinetic", "val": 2}],
        "tags": [{"id": "tg_ordnance"},{"id": "tg_heat_self", "val": 2},{"id": "tg_knockback","val": 1}],
        "sp": 2,
        "effect": "This weapon rolls 3 separate attacks on the single target its fired at. Each of these attacks does 2 damage",
        "source": "BDF",
        "license": "DAO",
        "license_level": 2,
        "talent_item": false,
        "description": "<i>Thrice the pewpew, for those evasive targets.</i>",
        "data_type": "weapon",
        "aptitude": {}
    },
    {   "id": "bdf_BLASTER",
        "name": "Codename: BLASTER",
        "mount": "Main",
        "type": "Rifle",
        "range": [{"type": "Range", "val": 15},{"type": "Cone","val": 5}],
        "damage": [{"type": "Energy","val": "2d6"}],
        "tags": [{"id": "tg_limited","val": 1},{"id": "tg_knockback","val": 3}],
        "effect": "The Cone 5 comes out the back of the target hit, directly behind the target.",
        "source": "BDF",
        "license": "DAO",
        "license_level": 3,
        "talent_item": false,
        "description": "<i>But what if we took a daisy cutter and stuck it on a rifle?</i>",
        "data_type": "weapon",
        "aptitude": {}
    },
    {   "id": "bdf_stinger",
        "name": "Stinger Launcher",
        "mount": "Main",
        "type": "Launcher",
        "range": [{"type": "Range","val": 10},{"type": "Blast","val": 1}],
        "damage": [{"type": "Explosive","val": "1d6"}],
        "tags": [{"id": "tg_loading"}],
        "effect": "This weapon may fire twice before being reloaded.",
        "source": "BDF",
        "license": "JIAN",
        "license_level": 1,
        "talent_item": false,
        "description": "<i>Can't beat the classics.</i>",
        "data_type": "weapon",
        "aptitude": {}
    },
    {   "id": "bdf_slaughter_shotgun",
        "name": "Slaughter Shotgun",
        "mount": "Main",
        "type": "CQB",
        "range": [{"type": "Line","val": 5}],
        "damage": [{"type": "Kinetic","val": "1d6"}],
        "tags": [],
        "effect": "Gains +2 accuracy on first target in line; as a Quick you can load a special round causing 2 additional explosive damage and creating a cone 3 directly behind the last target in the line that deals 2 explosive damage.",
        "source": "BDF",
        "license": "JIAN",
        "license_level": 3,
        "talent_item": false,
        "description": "<i></i>",
        "data_type": "weapon",
        "aptitude": {}
    },
    {   "id": "bdf_binary_laser",
        "name": "Binary Laser Rifle",
        "mount": "Auxiliary",
        "type": "Rifle",
        "range": [{"type": "Range","val": 5}],
        "damage": [{"type": "Energy","val": 3}],
        "tags": [{"id": "tg_ap"},{"id": "tg_limited","val": 6}],
        "effect": [{
            "effect_type": "Basic",
            "detail": "This weapon mount can be chosen to be destroyed on a “Weapon Destroyed” structure roll. When destroyed or when out of charges, changes to the Rifle Butt Profile."
            },
            {
                "effect_type": "Profile",
                "name": "Rifle Butt",
                "range": [{
                    "type": "Threat",
                    "val": 1
                }],
                "damage": [{
                    "type": "kinetic",
                    "val": "1d3"
                }],
                "detail":  "Attacking with this weapon counts as an Improvised Attack. This weapon gains +2 bonus damage for every destroyed Mount or completely expended Limited System, up to +6, including the Binary Laser Rifle."
            }
        ],
        "talent_item": false,
        "description": "<i></i>",
        "data_type": "weapon",
        "aptitude": {}
    },
    {   "id": "bdf_golden_wave",
        "name": "Golden Wave Laser",
        "mount": "Auxiliary",
        "type": "Rifle",
        "range": [{"type": "Cone","val": 3}],
        "damage": [{"type": "Energy","val": 2},{"type": "Heat","val": 1}],
        "tags": [{"id":"tg_heat_self","val": 2},{"id": "tg_limited","val": 6},{"id": "tg_knockback"}],
        "effect": "This weapon is not affected by Engagement penalties.",
        "source": "BDF",
        "license": "KAMPILAN",
        "license_level": 2,
        "talent_item": false,
        "description": "<i>Wrist-mounted in pairs, Golden Wave pattern laser weaponry allows frame manipulators to remain free for handling delicate engineering work.</i>",
        "data_type": "weapon",
        "aptitude": {}
    },
    {   "id": "bdf_sponson",
        "name": "Sponson Turrets",
        "mount": "Auxiliary",
        "type": "CQB",
        "range": [{"type": "Range","val": 5},{"type": "Threat","val": 5}],
        "damage": [{"type": "Kinetic","val": "1d3+1"}],
        "tags": [{"id": "tg_inaccurate"}],
        "effect": "This weapon cannot directly target characters and objects within Range 3.",
        "source": "BDF",
        "license": "KLEWANG",
        "license_level": 1,
        "talent_item": false,
        "description": "<i>Turns out a mountain of a mech makes mounting anti-air guns on the head have a terrible traversal angle.</i>",
        "data_type": "weapon",
        "aptitude": {}
    },
    {   "id": "bdf_tungsten",
        "name": "Tungsten Boot",
        "mount": "Heavy",
        "type": "Melee",
        "range": [{"type": "Burst","val": 2}],
        "damage": [{"type": "Kinetic","val": "1d6+2"}],
        "tags": [],
        "effect": "",
        "source": "BDF",
        "license": "KLEWANG",
        "license_level": 2,
        "talent_item": false,
        "description": "<i>Sometimes kinetic energy applied to chassis is best delivered as a dance.</i>",
        "data_type": "weapon",
        "aptitude": {}
    },
    {   "id": "bdf_cargo_crane",
        "name": "Cargo Crane",
        "mount": "Superheavy",
        "type": "Melee",
        "range": [{"type": "Threat","val": 2}],
        "damage": [{"type": "Kinetic","val": "1d6+2"}],
        "tags": [{"id": "tg_knockback","val": 2}],
        "effect": [
            {
                "effect_type": "Basic",
                "detail": "This weapon can attack twice. Enemies destroyed by this weapon explode in a Burst 1 area, damaging all targets within for 2 KINETIC damage."
            },
            {
                "effect_type": "Offensive",
                "critical": "The target must make a HULL save or be Slowed. "
            }
        ],
        "source": "BDF",
        "license": "KLEWANG",
        "license_level": 3,
        "talent_item": false,
        "description": "<i>If it can haul multiple tons of cargo, it can haul multiple tons of mechanized cavalry torso.</i>",
        "data_type": "weapon",
        "aptitude": {}
    },
    {   "id": "bdf_plasma_cannon",
        "name": "Plasma Cannon",
        "mount": "Main",
        "type": "Cannon",
        "range": [{"type": "Range","val": 10},{"type": "Blast","val": 1}],
        "damage": [{"type": "Energy","val": "1d6"}],
        "tags": [{"id": "tg_heat_self","val": 1}],
        "effect": "This weapon can be charged with a Quick Action and to increase its area of effect to Blast 2.",
        "source": "BDF",
        "license": "Shotel",
        "license_level": 1,
        "talent_item": false,
        "description": "<i>Conventional shoulder-mounted anti-armor launchers reworked into man-portable party cannons</i>",
        "data_type": "weapon",
        "aptitude": {}
    },
    {   "id": "bdf_laser_chainsaw",
        "name": "Laser Chainsaw",
        "mount": "Main",
        "type": "Melee",
        "range": [{"type": "Threat","val": 1}],
        "damage": [{"type": "Energy","val": "1d6+2"}],
        "tags": [{"id": "tg_heat_self","val": 3}],
        "effect": "This weapon attacks additional targets in a Line 3 area originating from your target; if you are at a higher elevation than your first target when you attack, this weapon can attack as a Cone 3.",
        "source": "BDF",
        "license": "Shotel",
        "license_level": 2,
        "talent_item": false,
        "description": "<i>Coldcore reactor bleed funneled through plasma capillaries and cycled away from the frame creates directed bursts of energy. These “blades” are weaponized by daredevil pilots in close combat; by directing the intense energy into another solid target and not radiating the waste heat in the air, these pilots actually impede heat diffusion in their own frame.</i>",
        "data_type": "weapon",
        "aptitude": {}
    },
    {   "id": "bdf_thunder_stinger",
        "name": "Thunder Stinger",
        "mount": "Main",
        "type": "CQB",
        "range": [{"type": "Range","val": 1}],
        "damage": [{"type": "Burn","val": 2}],
        "tags": [{"id": "tg_heat_self","val": 6}],
        "effect": "When you attack with this weapon, make a Cone 3 attack and a Cone 5 attack originating from the space of your attack, in the same direction as your attack. Make attack rolls for each target caught in each area; this can hit the same target multiple times. The Cone 3 and Cone 5 secondary attacks do 1d6 Energy each.",
        "source": "BDF",
        "license": "Shotel",
        "license_level": 3,
        "talent_item": false,
        "description": "<i>The Thunder Stinger is a crossbow-shaped weapon using an enormous magnet to shape electrical discharges from ionized rails.  The rapid diffusion of energy into the air limits operational effectiveness, and only the most reckless Shotel pilots utilize this weapon, as the Baronies never procured it for mass production.</i>",
        "data_type": "weapon",
        "aptitude": {}
    }
]